Picklist ,Parent Picklist Code,Parent Picklist Value,External Code,Text
ISOCountryList,GBL,Global,ABW,Aruba
ISOCountryList,GBL,Global,AFG,Afghanistan
ISOCountryList,GBL,Global,AGO,Angola
ISOCountryList,GBL,Global,AIA,Anguilla
ISOCountryList,GBL,Global,ALA,Åland Islands
ISOCountryList,GBL,Global,ALB,Albania
ISOCountryList,GBL,Global,AND,Andorra
ISOCountryList,GBL,Global,ANT,Netherlands Antilles
ISOCountryList,GBL,Global,ARE,United Arab Emirates
ISOCountryList,GBL,Global,ARG,Argentina
ISOCountryList,GBL,Global,ARM,Armenia
ISOCountryList,GBL,Global,ASM,American Samoa
ISOCountryList,GBL,Global,ATA,Antarctica
ISOCountryList,GBL,Global,ATF,French Southern Territories
ISOCountryList,GBL,Global,ATG,Antigua and Barbuda
ISOCountryList,GBL,Global,AUS,Australia
ISOCountryList,GBL,Global,AUT,Austria
ISOCountryList,GBL,Global,AZE,Azerbaijan
ISOCountryList,GBL,Global,BDI,Burundi
ISOCountryList,GBL,Global,BEL,Belgium
ISOCountryList,GBL,Global,BEN,Benin
ISOCountryList,GBL,Global,BFA,Burkina Faso
ISOCountryList,GBL,Global,BGD,Bangladesh
ISOCountryList,GBL,Global,BGR,Bulgaria
ISOCountryList,GBL,Global,BHR,Bahrain
ISOCountryList,GBL,Global,BHS,Bahamas
ISOCountryList,GBL,Global,BIH,Bosnia and Herzegovina
ISOCountryList,GBL,Global,BLM,Saint Barthélemy
ISOCountryList,GBL,Global,BLR,Belarus
ISOCountryList,GBL,Global,BLZ,Belize
ISOCountryList,GBL,Global,BMU,Bermuda
ISOCountryList,GBL,Global,BOL,"Bolivia, Plurinational State of"
ISOCountryList,GBL,Global,BRA,Brazil
ISOCountryList,GBL,Global,BRB,Barbados
ISOCountryList,GBL,Global,BRN,Brunei Darussalam
ISOCountryList,GBL,Global,BTN,Bhutan
ISOCountryList,GBL,Global,BVT,Bouvet Island
ISOCountryList,GBL,Global,BWA,Botswana
ISOCountryList,GBL,Global,CAF,Central African Republic
ISOCountryList,GBL,Global,CAN,Canada
ISOCountryList,GBL,Global,CCK,Cocos (Keeling) Islands
ISOCountryList,GBL,Global,CHE,Switzerland
ISOCountryList,GBL,Global,CHL,Chile
ISOCountryList,GBL,Global,CHN,China
ISOCountryList,GBL,Global,CIV,Côte d'Ivoire
ISOCountryList,GBL,Global,CMR,Cameroon
ISOCountryList,GBL,Global,COD,"Congo, the Democratic Republic of the"
ISOCountryList,GBL,Global,COG,Congo
ISOCountryList,GBL,Global,COK,Cook Islands
ISOCountryList,GBL,Global,COL,Colombia
ISOCountryList,GBL,Global,COM,Comoros
ISOCountryList,GBL,Global,CPV,Cape Verde
ISOCountryList,GBL,Global,CRI,Costa Rica
ISOCountryList,GBL,Global,CUB,Cuba
ISOCountryList,GBL,Global,CXR,Christmas Island
ISOCountryList,GBL,Global,CYM,Cayman Islands
ISOCountryList,GBL,Global,CYP,Cyprus
ISOCountryList,GBL,Global,CZE,Czech Republic
ISOCountryList,GBL,Global,DEU,Germany
ISOCountryList,GBL,Global,DJI,Djibouti
ISOCountryList,GBL,Global,DMA,Dominica
ISOCountryList,GBL,Global,DNK,Denmark
ISOCountryList,GBL,Global,DOM,Dominican Republic
ISOCountryList,GBL,Global,DZA,Algeria
ISOCountryList,GBL,Global,ECU,Ecuador
ISOCountryList,GBL,Global,EGY,Egypt
ISOCountryList,GBL,Global,ERI,Eritrea
ISOCountryList,GBL,Global,ESH,Western Sahara
ISOCountryList,GBL,Global,ESP,Spain
ISOCountryList,GBL,Global,EST,Estonia
ISOCountryList,GBL,Global,ETH,Ethiopia
ISOCountryList,GBL,Global,FIN,Finland
ISOCountryList,GBL,Global,FJI,Fiji
ISOCountryList,GBL,Global,FLK,Falkland Islands (Malvinas)
ISOCountryList,GBL,Global,FRA,France
ISOCountryList,GBL,Global,FRO,Faroe Islands
ISOCountryList,GBL,Global,FSM,"Micronesia, Federated States of"
ISOCountryList,GBL,Global,GAB,Gabon
ISOCountryList,GBL,Global,GBR,United Kingdom
ISOCountryList,GBL,Global,GEO,Georgia
ISOCountryList,GBL,Global,GGY,Guernsey
ISOCountryList,GBL,Global,GHA,Ghana
ISOCountryList,GBL,Global,GIB,Gibraltar
ISOCountryList,GBL,Global,GIN,Guinea
ISOCountryList,GBL,Global,GLP,Guadeloupe
ISOCountryList,GBL,Global,GMB,Gambia
ISOCountryList,GBL,Global,GNB,Guinea-Bissau
ISOCountryList,GBL,Global,GNQ,Equatorial Guinea
ISOCountryList,GBL,Global,GRC,Greece
ISOCountryList,GBL,Global,GRD,Grenada
ISOCountryList,GBL,Global,GRL,Greenland
ISOCountryList,GBL,Global,GTM,Guatemala
ISOCountryList,GBL,Global,GUF,French Guiana
ISOCountryList,GBL,Global,GUM,Guam
ISOCountryList,GBL,Global,GUY,Guyana
ISOCountryList,GBL,Global,HKG,Hong Kong
ISOCountryList,GBL,Global,HMD,Heard Island and McDonald Islands
ISOCountryList,GBL,Global,HND,Honduras
ISOCountryList,GBL,Global,HRV,Croatia
ISOCountryList,GBL,Global,HTI,Haiti
ISOCountryList,GBL,Global,HUN,Hungary
ISOCountryList,GBL,Global,IDN,Indonesia
ISOCountryList,GBL,Global,IMN,Isle of Man
ISOCountryList,GBL,Global,IND,India
ISOCountryList,GBL,Global,IOT,British Indian Ocean Territory
ISOCountryList,GBL,Global,IRL,Ireland
ISOCountryList,GBL,Global,IRN,"Iran, Islamic Republic of"
ISOCountryList,GBL,Global,IRQ,Iraq
ISOCountryList,GBL,Global,ISL,Iceland
ISOCountryList,GBL,Global,ISR,Israel
ISOCountryList,GBL,Global,ITA,Italy
ISOCountryList,GBL,Global,JAM,Jamaica
ISOCountryList,GBL,Global,JEY,Jersey
ISOCountryList,GBL,Global,JOR,Jordan
ISOCountryList,GBL,Global,JPN,Japan
ISOCountryList,GBL,Global,KAZ,Kazakhstan
ISOCountryList,GBL,Global,KEN,Kenya
ISOCountryList,GBL,Global,KGZ,Kyrgyzstan
ISOCountryList,GBL,Global,KHM,Cambodia
ISOCountryList,GBL,Global,KIR,Kiribati
ISOCountryList,GBL,Global,KNA,Saint Kitts and Nevis
ISOCountryList,GBL,Global,KOR,"Korea, Republic of"
ISOCountryList,GBL,Global,KWT,Kuwait
ISOCountryList,GBL,Global,LAO,Lao People's Democratic Republic
ISOCountryList,GBL,Global,LBN,Lebanon
ISOCountryList,GBL,Global,LBR,Liberia
ISOCountryList,GBL,Global,LBY,Libyan Arab Jamahiriya
ISOCountryList,GBL,Global,LCA,Saint Lucia
ISOCountryList,GBL,Global,LIE,Liechtenstein
ISOCountryList,GBL,Global,LKA,Sri Lanka
ISOCountryList,GBL,Global,LSO,Lesotho
ISOCountryList,GBL,Global,LTU,Lithuania
ISOCountryList,GBL,Global,LUX,Luxembourg
ISOCountryList,GBL,Global,LVA,Latvia
ISOCountryList,GBL,Global,MAC,Macao
ISOCountryList,GBL,Global,MAF,Saint Martin (French part)
ISOCountryList,GBL,Global,MAR,Morocco
ISOCountryList,GBL,Global,MCO,Monaco
ISOCountryList,GBL,Global,MDA,"Moldova, Republic of"
ISOCountryList,GBL,Global,MDG,Madagascar
ISOCountryList,GBL,Global,MDV,Maldives
ISOCountryList,GBL,Global,MEX,Mexico
ISOCountryList,GBL,Global,MHL,Marshall Islands
ISOCountryList,GBL,Global,MKD,"Macedonia, the former Yugoslav Republic of"
ISOCountryList,GBL,Global,MLI,Mali
ISOCountryList,GBL,Global,MLT,Malta
ISOCountryList,GBL,Global,MMR,Myanmar (Burma)
ISOCountryList,GBL,Global,MNE,Montenegro
ISOCountryList,GBL,Global,MNG,Mongolia
ISOCountryList,GBL,Global,MNP,Northern Mariana Islands
ISOCountryList,GBL,Global,MOZ,Mozambique
ISOCountryList,GBL,Global,MRT,Mauritania
ISOCountryList,GBL,Global,MSR,Montserrat
ISOCountryList,GBL,Global,MTQ,Martinique
ISOCountryList,GBL,Global,MUS,Mauritius
ISOCountryList,GBL,Global,MWI,Malawi
ISOCountryList,GBL,Global,MYS,Malaysia
ISOCountryList,GBL,Global,MYT,Mayotte
ISOCountryList,GBL,Global,NAM,Namibia
ISOCountryList,GBL,Global,NCL,New Caledonia
ISOCountryList,GBL,Global,NER,Niger
ISOCountryList,GBL,Global,NFK,Norfolk Island
ISOCountryList,GBL,Global,NGA,Nigeria
ISOCountryList,GBL,Global,NIC,Nicaragua
ISOCountryList,GBL,Global,NIU,Niue
ISOCountryList,GBL,Global,NLD,Netherlands
ISOCountryList,GBL,Global,NOR,Norway
ISOCountryList,GBL,Global,NPL,Nepal
ISOCountryList,GBL,Global,NRU,Nauru
ISOCountryList,GBL,Global,NZL,New Zealand
ISOCountryList,GBL,Global,OMN,Oman
ISOCountryList,GBL,Global,PAK,Pakistan
ISOCountryList,GBL,Global,PAN,Panama
ISOCountryList,GBL,Global,PCN,Pitcairn
ISOCountryList,GBL,Global,PER,Peru
ISOCountryList,GBL,Global,PHL,Philippines
ISOCountryList,GBL,Global,PLW,Palau
ISOCountryList,GBL,Global,PNG,Papua New Guinea
ISOCountryList,GBL,Global,POL,Poland
ISOCountryList,GBL,Global,PRI,Puerto Rico
ISOCountryList,GBL,Global,PRK,"Korea, Democratic People's Republic of"
ISOCountryList,GBL,Global,PRT,Portugal
ISOCountryList,GBL,Global,PRY,Paraguay
ISOCountryList,GBL,Global,PSE,"Palestine, State of"
ISOCountryList,GBL,Global,PYF,French Polynesia
ISOCountryList,GBL,Global,QAT,Qatar
ISOCountryList,GBL,Global,REU,Réunion
ISOCountryList,GBL,Global,ROU,Romania
ISOCountryList,GBL,Global,RUS,Russian Federation
ISOCountryList,GBL,Global,RWA,Rwanda
ISOCountryList,GBL,Global,SAU,Saudi Arabia
ISOCountryList,GBL,Global,SDN,Sudan
ISOCountryList,GBL,Global,SEN,Senegal
ISOCountryList,GBL,Global,SGP,Singapore
ISOCountryList,GBL,Global,SGS,South Georgia and the South Sandwich Islands
ISOCountryList,GBL,Global,SHN,"Saint Helena, Ascension and Tristan da Cunha"
ISOCountryList,GBL,Global,SJM,Svalbard and Jan Mayen
ISOCountryList,GBL,Global,SLB,Solomon Islands
ISOCountryList,GBL,Global,SLE,Sierra Leone
ISOCountryList,GBL,Global,SLV,El Salvador
ISOCountryList,GBL,Global,SMR,San Marino
ISOCountryList,GBL,Global,SOM,Somalia
ISOCountryList,GBL,Global,SPM,Saint Pierre and Miquelon
ISOCountryList,GBL,Global,SRB,Serbia
ISOCountryList,GBL,Global,STP,Sao Tome and Principe
ISOCountryList,GBL,Global,SUR,Suriname
ISOCountryList,GBL,Global,SVK,Slovakia
ISOCountryList,GBL,Global,SVN,Slovenia
ISOCountryList,GBL,Global,SWE,Sweden
ISOCountryList,GBL,Global,SWZ,Swaziland
ISOCountryList,GBL,Global,SYC,Seychelles
ISOCountryList,GBL,Global,SYR,Syrian Arab Republic
ISOCountryList,GBL,Global,TCA,Turks and Caicos Islands
ISOCountryList,GBL,Global,TCD,Chad
ISOCountryList,GBL,Global,TGO,Togo
ISOCountryList,GBL,Global,THA,Thailand
ISOCountryList,GBL,Global,TJK,Tajikistan
ISOCountryList,GBL,Global,TKL,Tokelau
ISOCountryList,GBL,Global,TKM,Turkmenistan
ISOCountryList,GBL,Global,TLS,Timor-Leste
ISOCountryList,GBL,Global,TON,Tonga
ISOCountryList,GBL,Global,TTO,Trinidad and Tobago
ISOCountryList,GBL,Global,TUN,Tunisia
ISOCountryList,GBL,Global,TUR,Turkey
ISOCountryList,GBL,Global,TUV,Tuvalu
ISOCountryList,GBL,Global,TWN,Taiwan
ISOCountryList,GBL,Global,TZA,"Tanzania, United Republic of"
ISOCountryList,GBL,Global,UGA,Uganda
ISOCountryList,GBL,Global,UKR,Ukraine
ISOCountryList,GBL,Global,UMI,United States Minor Outlying Islands
ISOCountryList,GBL,Global,URY,Uruguay
ISOCountryList,GBL,Global,USA,United States
ISOCountryList,GBL,Global,UZB,Uzbekistan
ISOCountryList,GBL,Global,VAT,Holy See (Vatican City State)
ISOCountryList,GBL,Global,VCT,Saint Vincent and the Grenadines
ISOCountryList,GBL,Global,VEN,"Venezuela, Bolivarian Republic of"
ISOCountryList,GBL,Global,VGB,"Virgin Islands, British"
ISOCountryList,GBL,Global,VIR,"Virgin Islands, U.S."
ISOCountryList,GBL,Global,VNM,Viet Nam
ISOCountryList,GBL,Global,VUT,Vanuatu
ISOCountryList,GBL,Global,WLF,Wallis and Futuna
ISOCountryList,GBL,Global,WSM,Samoa
ISOCountryList,GBL,Global,YEM,Yemen
ISOCountryList,GBL,Global,ZAF,South Africa
ISOCountryList,GBL,Global,ZMB,Zambia
ISOCountryList,GBL,Global,ZWE,Zimbabwe
employee-status,GBL,Global,A,Active
employee-status,GBL,Global,O,Discarded
employee-status,GBL,Global,R,Retired
employee-status,GBL,Global,S,Suspended
employee-status,GBL,Global,P,Paid Leave
employee-status,GBL,Global,D,Dormant
employee-status,GBL,Global,T,Terminated
employee-status,GBL,Global,U,Unpaid Leave
GlobalEmployeeClass,GBL,Global,A,Assignee
GlobalEmployeeClass,GBL,Global,C,Consultant
GlobalEmployeeClass,GBL,Global,E,Expatriate
GlobalEmployeeClass,GBL,Global,G,Agency/Temp
GlobalEmployeeClass,GBL,Global,I,Intern
GlobalEmployeeClass,GBL,Global,M,Employee
GlobalEmployeeClass,GBL,Global,P,Apprentice
GlobalEmployeeClass,GBL,Global,R,Contractor
GlobalEmployeeClass,GBL,Global,T,Trainee
GlobalEmployeeClass,GBL,Global,Z0001,Board of Directors
GlobalEmployeeClass,GBL,Global,Z0002,External
GlobalEmployeeClass,GBL,Global,Z0003,Inpatriate
GlobalEmployeeClass,GBL,Global,Z0004,Seasonal
GlobalEmployeeClass,GBL,Global,Z0006,Temporary
